"","X","OTU","average","sd","ratio","ava","avb","cumsum","p","contribution","comparison"
"1",1,"Proteobacteria",0.189567970294011,0.105700993849458,1.79343602543605,0.350556886200719,0.696464397244921,0.344507523266362,2e-04,0.344507523266362,"P. Contaminated_Karst P."
"2",2,"Actinobacteria",0.0594806693080323,0.05269932345897,1.12867994129644,0.0228152855516599,0.140504301445061,0.452603516665216,2e-04,0.108095993398854,"P. Contaminated_Karst P."
"34",34,"candidate.division.NC10",0.0024513273090117,0.0046210760630571,0.530466773444541,0.000640066579087014,0.00494680685132712,0.908244553525259,8e-04,0.00445487019053403,"P. Contaminated_Karst P."
"42",42,"Thaumarchaeota",0.00171592296534237,0.00173357498293197,0.989817563264702,0.00184681165075849,0.00333778762982841,0.937443451168724,0.0182,0.00311839795504099,"P. Contaminated_Karst P."
"64",64,"Candidatus.Aminicenantes",0.000510567332855722,0.000484571480569469,1.05364709506986,0.000500658306165686,0.0014095443378526,0.974720479959156,2e-04,0.000927869233553036,"P. Contaminated_Karst P."
"67",67,"Candidatus.Sungbacteria",0.000449671587695626,0.000392696910232876,1.14508562705259,0.000858131176179603,0.0004012962942402,0.977356652237151,0.0098,0.000817201580625926,"P. Contaminated_Karst P."
"77",77,"Candidatus.Doudnabacteria",0.000380760288220054,0.000326175736785236,1.16734706257676,0.000835116085811122,0.000203066340454823,0.984693082780388,0.021,0.000691967021904993,"P. Contaminated_Karst P."
"99",99,"Candidatus.Eisenbacteria",0.000153799747344386,8.22568003623384e-05,1.86975115330165,8.22454604089897e-05,0.000379179564716699,0.99518866818916,0.0442,0.000279504865481006,"P. Contaminated_Karst P."
"127",127,"Candidatus.Bipolaricaulota",4.34228978614742e-05,3.7243984058533e-05,1.16590367435531,5.28744895939977e-05,0.000110270235382957,0.999384845032078,0.0052,7.89137266810069e-05,"P. Contaminated_Karst P."
"133",133,"Candidatus.Latescibacteria",2.70947768814489e-05,2.78795638813517e-05,0.971850815054259,3.55629522552637e-05,6.85550008482026e-05,0.999734631647578,0.0116,4.92401456970715e-05,"P. Contaminated_Karst P."
"136",136,"Candidatus.Fermentibacteria",1.54560807287715e-05,1.21712049381892e-05,1.26988912003901,2.45063737934227e-05,4.02543924124614e-05,0.999839656997278,0.049,2.80887962409437e-05,"P. Contaminated_Karst P."
"150",150,"Rhodothermaeota",2.91279500334426e-07,4.60182304334891e-07,0.632965452149268,2.19507712734751e-07,4.63177775226082e-07,1,0.0184,5.29350918987426e-07,"P. Contaminated_Karst P."
"152",152,"Actinobacteria",0.115377471255329,0.0258747364659845,4.45907812073785,0.0228152855516599,0.253570228062318,0.367607054538386,2e-04,0.182152998809937,"P. Contaminated_Mine"
"153",153,"Firmicutes",0.10870587430003,0.0851738270259342,1.27628261046589,0.0387228468639121,0.250311822910483,0.539227222466896,0.0016,0.17162016792851,"P. Contaminated_Mine"
"174",174,"Deinococcus.Thermus",0.00392884552367956,0.0041581525515988,0.944853627885522,0.00067648471277119,0.00846483280688929,0.869691285012446,0.001,0.00620269265925799,"P. Contaminated_Mine"
"175",175,"Cyanobacteria",0.00377902067955815,0.00375229081738195,1.00712361154215,0.00301778150747756,0.0086332364341824,0.875657440639336,0.0054,0.00596615562689007,"P. Contaminated_Mine"
"215",215,"Fusobacteria",0.000493575547345871,0.000277876960055716,1.77623775374146,0.000551820042151195,0.00119199542606268,0.978669895365421,0.0086,0.000779235886436025,"P. Contaminated_Mine"
"220",220,"Crenarchaeota",0.000432435977728806,0.000301900679031205,1.43237828784118,0.000251108614878841,0.0010136332536817,0.982132361233706,8e-04,0.000682711358461985,"P. Contaminated_Mine"
"256",256,"Aquificae",0.000107831037167067,6.5497434934683e-05,1.64633984940938,0.00014425876703294,0.000273753504076482,0.997147550520072,0.0392,0.000170239012618034,"P. Contaminated_Mine"
"259",259,"Dictyoglomi",9.89615158923521e-05,0.000118199579336859,0.837240846774254,3.56066808450677e-05,0.000189853339415363,0.997642701291685,0.0072,0.000156236193170955,"P. Contaminated_Mine"
"261",261,"Candidatus.Poribacteria",9.26322462153197e-05,8.63204335816405e-05,1.07312072439615,9.52006608487419e-05,0.000182771969133445,0.997943515951445,0.0172,0.000146243813901048,"P. Contaminated_Mine"
"284",284,"Candidatus.Fraserbacteria",2.0748035829445e-05,2.1733172314204e-05,0.954671298303046,1.21874874460647e-05,4.34343736152937e-05,0.999765053713763,0.014,3.27561083169892e-05,"P. Contaminated_Mine"
"286",286,"Candidatus.Lokiarchaeota",1.98992606985009e-05,2.29918738131278e-05,0.865491036539135,8.78238738431004e-06,4.14584504094614e-05,0.999828506749809,0.008,3.14160985760426e-05,"P. Contaminated_Mine"
"297",297,"Coprothermobacterota",5.1666053938467e-06,3.65255745955157e-06,1.41451721186092,5.30919770476431e-06,1.12625130566306e-05,0.999994085644776,0.0294,8.15681480903496e-06,"P. Contaminated_Mine"
"298",298,"Candidatus.Korarchaeota",2.12633066347106e-06,2.13645560569582e-06,0.995260869358685,1.66836214401297e-06,3.87623932271141e-06,0.99999744260435,0.0344,3.35695957398574e-06,"P. Contaminated_Mine"
"301",301,"Proteobacteria",0.175960157868774,0.106005408250379,1.65991679833132,0.350556886200719,0.632079278931988,0.316370662808155,0.0044,0.316370662808155,"P. Contaminated_S. Saline"
"315",315,"Candidatus.Atribacteria",0.00637518124740429,0.0166625378031191,0.38260565843763,0.000166873935108875,0.0128843409898086,0.770035632329032,0.0274,0.0114623693294681,"P. Contaminated_S. Saline"
"323",323,"Candidatus.Saccharibacteria",0.0042778601954175,0.00689745520088414,0.620208478464515,0.000771219287399477,0.00874396631672889,0.839670566052241,4e-04,0.00769145403037297,"P. Contaminated_S. Saline"
"342",342,"Candidatus.Riflebacteria",0.00180847924481724,0.00191776337259803,0.943014800813128,0.00075597618071248,0.00344707988833187,0.933325703354587,0.0012,0.00325158708816498,"P. Contaminated_S. Saline"
"352",352,"Synergistetes",0.000996699881975804,0.00137869216504839,0.72293141808115,0.000717000659397967,0.00191735601943504,0.957623442226845,0.0106,0.00179203409510909,"P. Contaminated_S. Saline"
"361",361,"Candidatus.Cloacimonetes",0.000706030891352822,0.000836985394073257,0.843540277228574,0.000351257501249812,0.00151277069678333,0.970329820729966,4e-04,0.001269420667529,"P. Contaminated_S. Saline"
"382",382,"Fusobacteria",0.000328318827778354,0.000213590359430635,1.53714254076611,0.000551820042151195,0.000917193943234086,0.986885218163604,0.0194,0.000590306614944969,"P. Contaminated_S. Saline"
"405",405,"candidate.division.WOR.3",0.000121672720074338,0.000152369452680767,0.798537488542783,0.000142353031399659,0.000258184572045013,0.996247041313924,0.0118,0.000218763608545003,"P. Contaminated_S. Saline"
"422",422,"Balneolaeota",5.5136816393733e-05,5.10988766657677e-05,1.07902208407392,8.32531079752437e-05,0.00015843393718434,0.999013184686093,0.0374,9.91342094650571e-05,"P. Contaminated_S. Saline"
"434",434,"Candidatus.Parvarchaeota",1.97588844976789e-05,3.67804910436949e-05,0.5372110033606,1.34236670526491e-05,3.44373296880316e-05,0.999777457471853,0.0054,3.55258341470099e-05,"P. Contaminated_S. Saline"
"452",452,"Bacteroidetes",0.107492849853224,0.0871864883304159,1.23290720743163,0.0562495120410272,0.245792277843078,0.481195352592415,4e-04,0.186171723831603,"P. Contaminated_Porous"
"472",472,"Candidatus.Parcubacteria",0.00419022738344118,0.00714997462891063,0.586047867428532,0.000153762237541147,0.00831729593092252,0.84533147731375,0.0084,0.00725724414495299,"P. Contaminated_Porous"
"510",510,"Candidatus.Dadabacteria",0.000665135104409614,0.000986787737255051,0.674040707335725,0.000243409108443052,0.0012563898390722,0.972014328275028,0.0098,0.00115197754211493,"P. Contaminated_Porous"
"516",516,"candidate.division.Zixibacteria",0.000500669318334754,0.000646999895149581,0.773832147560092,0.000210196184496499,0.00109844373832585,0.97757047342226,0.0132,0.000867131815662003,"P. Contaminated_Porous"
"563",563,"Balneolaeota",7.68215974389824e-05,7.515912257034e-05,1.02211940229992,8.32531079752437e-05,0.000202548925767053,0.998178629835885,0.0248,0.000133050795865008,"P. Contaminated_Porous"
"568",568,"Calditrichaeota",5.7605056892379e-05,4.79631888886972e-05,1.20102641686433,5.57534842862756e-05,0.000146722584974333,0.99873019853181,0.0034,9.97688009729547e-05,"P. Contaminated_Porous"
"584",584,"Candidatus.Fischerbacteria",2.02007087204877e-05,1.51229037062637e-05,1.33576918248318,3.00268631647182e-05,4.94121780705936e-05,0.999809376754377,0.0242,3.49865202219357e-05,"P. Contaminated_Porous"
"602",602,"Euryarchaeota",0.0735138000312956,0.0841369541536708,0.873739735063707,0.0198401993035214,0.148376487678342,0.343696531689408,2e-04,0.124274893906678,"P. Contaminated_Geyser"
"606",606,"Candidatus.Nealsonbacteria",0.0190841152354854,0.0309938879978152,0.615738020245495,0.00168158732659166,0.0392561178130643,0.521688039015695,2e-04,0.0322616487677571,"P. Contaminated_Geyser"
"611",611,"Chloroflexi",0.0114252391972663,0.00992481828725199,1.15117867819721,0.0117817959523872,0.0289758587849352,0.644503481543268,2e-04,0.019314338103788,"P. Contaminated_Geyser"
"614",614,"Candidatus.Wolfebacteria",0.00975325849810295,0.0158027705084009,0.617186618822188,0.00829538606571133,0.017225245194627,0.695814622565805,0.005,0.0164878589405,"P. Contaminated_Geyser"
"616",616,"Nitrospirae",0.00910230370071942,0.00916207807387976,0.993475893495085,0.00907910813647194,0.0212974842522415,0.726614218572349,2e-04,0.015387421494083,"P. Contaminated_Geyser"
"617",617,"Candidatus.Roizmanbacteria",0.00871492517692946,0.00912287807701495,0.955282434266734,0.0074344117188281,0.0204276241848224,0.74134677764706,2e-04,0.014732559074711,"P. Contaminated_Geyser"
"620",620,"Armatimonadetes",0.00587648543656843,0.0070722978564152,0.830915998714328,0.000560039437158204,0.0122277253145611,0.774838879694495,2e-04,0.00993418383844702,"P. Contaminated_Geyser"
"625",625,"Candidatus.Shapirobacteria",0.00478442236740471,0.00707676510019213,0.676074774231918,0.00356015219251858,0.00979150058177198,0.817671870205887,6e-04,0.00808805396892609,"P. Contaminated_Geyser"
"629",629,"Candidatus.Berkelbacteria",0.00376793909721102,0.0047173016440087,0.798748814801057,0.00178193921464447,0.00835036102908786,0.847193704088339,2e-04,0.0063696915593181,"P. Contaminated_Geyser"
"637",637,"Candidatus.Portnoybacteria",0.00275544165751251,0.00426656330267655,0.645822284128289,0.000749561712912931,0.0059292591015957,0.889650785204508,2e-04,0.00465806718612805,"P. Contaminated_Geyser"
"642",642,"Candidatus.Pacebacteria",0.00209629889292779,0.00304572937998602,0.688274837122072,0.00164157663439153,0.00423754188598558,0.910211864350616,0.0018,0.00354378800176791,"P. Contaminated_Geyser"
"643",643,"Candidatus.Woesearchaeota",0.00202720272833949,0.00211895531684558,0.956699139535098,0.00230818517376085,0.00427033736392325,0.913638845460074,0.0016,0.00342698110945805,"P. Contaminated_Geyser"
"644",644,"Candidatus.Aenigmarchaeota",0.00194173657121488,0.00270005816004641,0.719146202088291,0.000112715240559703,0.00395997712520213,0.916921346246045,2e-04,0.00328250078597103,"P. Contaminated_Geyser"
"647",647,"Candidatus.Jorgensenbacteria",0.00192605386492362,0.00307453892387075,0.626452912978179,0.00153805450527439,0.00371423670715232,0.926712976255667,0.001,0.003255989210461,"P. Contaminated_Geyser"
"648",648,"Candidatus.Giovannonibacteria",0.00180720713389861,0.00222256334539749,0.813118392166861,0.00384062078753439,0.00031747637567137,0.929768055366488,0.0494,0.00305507911082104,"P. Contaminated_Geyser"
"649",649,"Candidatus.Beckwithbacteria",0.00174405322650432,0.00194888776007061,0.89489670069103,0.00218732238083343,0.00345606461345086,0.932716372955827,0.0092,0.002948317589339,"P. Contaminated_Geyser"
"651",651,"Candidatus.Desantisbacteria",0.00168663281162847,0.00147261274310763,1.14533357090826,7.2967513387251e-05,0.0034282228560016,0.93851089772175,2e-04,0.00285124852252805,"P. Contaminated_Geyser"
"652",652,"Candidatus.Kuenenbacteria",0.00166511986054951,0.00233882513270402,0.711947138443986,0.000661328672065463,0.00364251283726454,0.941325778654631,2e-04,0.00281488093288096,"P. Contaminated_Geyser"
"658",658,"Candidatus.Micrarchaeota",0.00109270603609949,0.00133888173027022,0.816133353226769,0.00024829339486511,0.00231059278140678,0.956237499149016,2e-04,0.00184721680350697,"P. Contaminated_Geyser"
"659",659,"Gemmatimonadetes",0.00106620479657001,0.00137684581202301,0.774382132886344,0.00109810733070357,0.00160164375371606,0.958039915673806,0.0138,0.00180241652478996,"P. Contaminated_Geyser"
"662",662,"Caldiserica",0.000905916790949081,0.00121789427555525,0.743838614838764,9.36124115444403e-05,0.00185559538956647,0.963016043717017,2e-04,0.00153145005475896,"P. Contaminated_Geyser"
"663",663,"Candidatus.Terrybacteria",0.000815880388352652,0.000900973304669078,0.905554453305717,0.00169592292498791,8.22277148389013e-05,0.964395287459823,0.0196,0.00137924374280596,"P. Contaminated_Geyser"
"664",664,"Candidatus.Tagabacteria",0.000728947328391088,0.00117308727368081,0.621392239729838,0.000550450480884704,0.00144700424378641,0.965627571083589,0.0012,0.00123228362376604,"P. Contaminated_Geyser"
"669",669,"Chlamydiae",0.000593433183563967,0.00136131639378893,0.435925980375711,0.000728525399319546,0.000662146909840673,0.971339340027442,0.0234,0.0010031973030461,"P. Contaminated_Geyser"
"670",670,"Candidatus.Colwellbacteria",0.000573821646497044,0.0010646816513728,0.53896077363328,0.000371214651835772,0.00111841123146606,0.972309384076443,0.002,0.000970044049000918,"P. Contaminated_Geyser"
"671",671,"Candidatus.Marinimicrobia",0.000563123382923919,0.000607015101852385,0.92769254208911,0.000820420221074971,0.00160685271869617,0.973261342737802,0.0014,0.000951958661358998,"P. Contaminated_Geyser"
"674",674,"Candidatus.Harrisonbacteria",0.000531132136655379,0.000892811137497581,0.594898645803261,0.000818791345374749,0.000672475119653325,0.975997702145703,0.0304,0.00089787754006998,"P. Contaminated_Geyser"
"681",681,"Candidatus.Diapherotrites",0.000461717043000173,0.000625840962208364,0.737754590832378,0.000151804932254186,0.00100368390149656,0.98195812713468,2e-04,0.000780531498974057,"P. Contaminated_Geyser"
"683",683,"Candidatus.Hydrogenedentes",0.000438143616011478,0.000495217381364448,0.884750076429634,0.000113926674041468,0.000972951014944435,0.983475565054713,2e-04,0.000740680679989003,"P. Contaminated_Geyser"
"686",686,"Candidatus.Blackburnbacteria",0.000396944177550746,0.000447332204038355,0.887358821849346,0.000824692041960327,3.74159139446279e-05,0.985590446371522,0.0216,0.000671033132977006,"P. Contaminated_Geyser"
"689",689,"Candidatus.Bathyarchaeota",0.000373670870996102,0.000550848846338098,0.678354640261426,0.000109775926415279,0.000807085180778962,0.987510079303765,2e-04,0.000631689666828028,"P. Contaminated_Geyser"
"691",691,"Candidatus.Brennerbacteria",0.000365252633997769,0.000646399253574249,0.565057326378571,0.000214779539363665,0.00072990366331622,0.988747549813391,2e-04,0.000617458658372927,"P. Contaminated_Geyser"
"693",693,"Candidatus.Doudnabacteria",0.000351607504961305,0.000319410406420281,1.1008016579731,0.000835116085811122,0.000230101419239179,0.989948584092561,0.0296,0.000594391602083078,"P. Contaminated_Geyser"
"703",703,"Candidatus.Gracilibacteria",0.000217997204032857,0.000304442060208984,0.716054818060334,0.000109696054346583,0.000444624829382948,0.994490597195032,2e-04,0.00036852372468299,"P. Contaminated_Geyser"
"714",714,"Candidatus.Spechtbacteria",0.000118527516125328,0.000125629816639335,0.943466442091554,0.000267707374421171,5.99907510114849e-05,0.997539444997391,0.0478,0.000200370467656974,"P. Contaminated_Geyser"
"716",716,"candidate.division.CPR1",0.00011689143514854,0.000122567179000938,0.95369279199651,0.00024961406081104,2.16874736264866e-05,0.997935522100961,0.0156,0.000197604676884011,"P. Contaminated_Geyser"
"718",718,"Nanoarchaeota",9.67715696479769e-05,0.000114669123204465,0.843920027847642,0.00020536334723214,1.6367241719133e-05,0.998268837411036,0.0422,0.000163592094900022,"P. Contaminated_Geyser"
"720",720,"Deferribacteres",9.39885377118969e-05,9.41680919599923e-05,0.998093258083942,0.000225668471619887,4.20545823565679e-05,0.998591125607249,0.0368,0.000158887386418005,"P. Contaminated_Geyser"
"726",726,"Candidatus.Wirthbacteria",5.40061194592258e-05,4.99292052810743e-05,1.08165389685657,1.33509072449298e-05,0.000116914325451443,0.999280598810385,2e-04,9.12972090030273e-05,"P. Contaminated_Geyser"
"729",729,"Chrysiogenetes",4.17957144863486e-05,4.02928016248148e-05,1.03729978559267,2.25565883865401e-05,9.73200282586544e-05,0.999508479576909,2e-04,7.06555501330808e-05,"P. Contaminated_Geyser"
"733",733,"Candidatus.Heimdallarchaeota",2.936078912855e-05,2.58768860550355e-05,1.1346337834508,6.90013430859078e-05,1.14717704766699e-05,0.999738090345952,0.0046,4.9634340115956e-05,"P. Contaminated_Geyser"
"752",752,"Firmicutes",0.116104876067066,0.085679208604011,1.35511144370714,0.0181020707763504,0.250311822910483,0.639580925727891,2e-04,0.267131177683259,"Karst P._Mine"
"753",753,"Actinobacteria",0.0719865492120273,0.0360963098603068,1.99429109209823,0.140504301445061,0.253570228062318,0.805205766989984,0.0166,0.165624841262093,"Karst P._Mine"
"758",758,"Cyanobacteria",0.00378205201800932,0.00393489801716885,0.961156299733149,0.0023660962276561,0.0086332364341824,0.901494100403656,0.0056,0.00870165012748192,"Karst P._Mine"
"759",759,"Deinococcus.Thermus",0.00362083973484958,0.00418864178772755,0.864442441809754,0.00126814396101409,0.00846483280688929,0.909824837366107,0.007,0.00833073696245101,"Karst P._Mine"
"776",776,"Fusobacteria",0.000547715159182121,0.000365982852437565,1.49655962167123,0.000181568107848273,0.00119199542606268,0.972065670875628,0.003,0.00126016925785899,"Karst P._Mine"
"781",781,"Crenarchaeota",0.000458486878464152,0.000336791414815339,1.36133778444304,0.000133932018461309,0.0010136332536817,0.977689802012507,6e-04,0.00105487507454605,"Karst P._Mine"
"811",811,"Aquificae",0.000112085829222577,6.93151256880781e-05,1.61704719006021,8.26208036837113e-05,0.000273753504076482,0.992141649234481,0.0248,0.000257884255821961,"Karst P._Mine"
"817",817,"Candidatus.Poribacteria",9.85953903328619e-05,7.45871682671862e-05,1.32188139895154,0.000134796301987254,0.000182771969133445,0.993577208865763,0.0108,0.0002268457934409,"Karst P._Mine"
"819",819,"Dictyoglomi",9.54899497816588e-05,0.000128653705716921,0.742224635112856,1.28706765927007e-05,0.000189853339415363,0.994019430823628,0.0236,0.000219700873951956,"Karst P._Mine"
"864",864,"Candidatus.Fraserbacteria",2.12197665247052e-05,2.08592784982743e-05,1.01728190294121,1.56706098502098e-05,4.34343736152937e-05,0.999100361446916,0.0086,4.88219049360472e-05,"Karst P._Mine"
"868",868,"Candidatus.Lokiarchaeota",2.00070260300761e-05,2.4340795399484e-05,0.821954488410031,4.94112369981075e-06,4.14584504094614e-05,0.99928581482838,0.0086,4.6031662117918e-05,"Karst P._Mine"
"892",892,"Coprothermobacterota",5.11607249638038e-06,3.52871437769114e-06,1.44984035226106,3.38827415476721e-06,1.12625130566306e-05,0.999961730529534,0.035,1.17709308810054e-05,"Karst P._Mine"
"896",896,"Candidatus.Korarchaeota",2.15806528227989e-06,2.08056462521957e-06,1.03724981965034,1.72727545141415e-06,3.87623932271141e-06,0.999993219523536,0.0274,4.96522230508667e-06,"Karst P._Mine"
"902",902,"Actinobacteria",0.0575581612790246,0.0518738810920432,1.10957884907234,0.140504301445061,0.0291811081073788,0.460373406873861,0.004,0.176959609619306,"Karst P._S. Saline"
"907",907,"Candidatus.Atribacteria",0.00641312024129326,0.0167002587836137,0.38401322544689,6.4527991055053e-05,0.0128843409898086,0.79605878833774,0.0316,0.0197168086874671,"Karst P._S. Saline"
"911",911,"Candidatus.Saccharibacteria",0.00431976023859559,0.00702123653012857,0.615242090201523,0.000313402386267299,0.00874396631672889,0.860158704250958,2e-04,0.0132808809121819,"Karst P._S. Saline"
"915",915,"candidate.division.NC10",0.00245386892493351,0.00475305463122857,0.516271979878178,0.00494680685132712,3.90690014600953e-05,0.898535114656184,0.029,0.00754429393441092,"Karst P._S. Saline"
"919",919,"Candidatus.Riflebacteria",0.00171069586558334,0.00186137804272729,0.919048052740985,3.42270649069831e-05,0.00344707988833187,0.921992896514169,0.0042,0.00525944654631205,"Karst P._S. Saline"
"926",926,"Synergistetes",0.000871051523174473,0.00140504425303127,0.619945970595052,0.00027869204747118,0.00191735601943504,0.946833081010676,0.0386,0.00267800315496602,"Karst P._S. Saline"
"927",927,"Candidatus.Cloacimonetes",0.000706002934020585,0.000866951133404002,0.814351474746369,0.000132631227222729,0.00151277069678333,0.949003650758183,4e-04,0.00217056974750707,"Karst P._S. Saline"
"932",932,"Candidatus.Aminicenantes",0.000539731167260605,0.000489504642685429,1.10260684004881,0.0014095443378526,0.000419382087538272,0.958288625195051,0.0028,0.00165937574334296,"Karst P._S. Saline"
"941",941,"Fusobacteria",0.000387144163888634,0.000252840761190417,1.53117781352142,0.000181568107848273,0.000917193943234086,0.970517233902155,0.0018,0.00119025484111601,"Karst P._S. Saline"
"969",969,"candidate.division.WOR.3",0.000117623222867581,0.000146357479336483,0.80367073415606,0.000141142464292307,0.000258184572045013,0.988870466670395,0.0256,0.000361626555440031,"Karst P._S. Saline"
"995",995,"Balneolaeota",5.91714046030523e-05,5.29455944367794e-05,1.11758882363115,7.54067391093943e-05,0.00015843393718434,0.995982605793829,0.0366,0.000181919443334011,"Karst P._S. Saline"
"1007",1007,"Candidatus.Bipolaricaulota",4.39207650128654e-05,3.84957726096726e-05,1.1409243674156,0.000110270235382957,4.02610319544139e-05,0.997802204287345,0.0382,0.000135032135463953,"Karst P._S. Saline"
"1014",1014,"Candidatus.Latescibacteria",2.94306155203602e-05,2.97092964178756e-05,0.990619740918948,6.85550008482026e-05,2.18301923313844e-05,0.998553423644737,0.0322,9.04829153259845e-05,"Karst P._S. Saline"
"1018",1018,"Candidatus.Coatesbacteria",2.39227052014604e-05,2.51630449310545e-05,0.950707884002411,4.70272866458161e-05,3.39458097508794e-05,0.998871753948853,0.0164,7.35491280369205e-05,"Karst P._S. Saline"
"1051",1051,"Bacteroidetes",0.11370255200383,0.0964472157643436,1.17890963572912,0.0206944102247908,0.245792277843078,0.306792953384973,8e-04,0.306792953384973,"Karst P._Porous"
"1053",1053,"Actinobacteria",0.0616697100910699,0.053386912246388,1.15514659859809,0.140504301445061,0.0174008297148352,0.777530087757903,0.0294,0.166397606384393,"Karst P._Porous"
"1059",1059,"Candidatus.Parcubacteria",0.00417038114762822,0.00722278316935937,0.577392543821597,6.51190479201709e-05,0.00831729593092252,0.910435496970492,0.036,0.011252549098271,"Karst P._Porous"
"1074",1074,"Candidatus.Dadabacteria",0.000617967512962662,0.00104943932896026,0.588854920822262,4.77809016639489e-05,0.0012563898390722,0.963113158748665,0.0402,0.00166740389777098,"Karst P._Porous"
"1077",1077,"Candidatus.Aminicenantes",0.000572545741317882,0.000506038735814987,1.13142670866052,0.0014095443378526,0.00026708972917374,0.967860061991656,0.0456,0.00154484658287102,"Karst P._Porous"
"1078",1078,"candidate.division.Zixibacteria",0.00049585551727143,0.000659647564846364,0.751697639309739,0.000176782143279552,0.00109844373832585,0.969197982521275,0.0138,0.00133792052961901,"Karst P._Porous"
"1121",1121,"Balneolaeota",8.06831663070755e-05,7.69090479619221e-05,1.04907248815539,7.54067391093943e-05,0.000202548925767053,0.993329846338929,0.0136,0.000217699835610929,"Karst P._Porous"
"1129",1129,"Calditrichaeota",6.1018363406427e-05,5.00219509551579e-05,1.21983173869262,4.42098543151238e-05,0.000146722584974333,0.994860307501567,6e-04,0.000164640138591965,"Karst P._Porous"
"1169",1169,"Candidatus.Fischerbacteria",2.0806915385166e-05,1.67432388592085e-05,1.24270552192012,1.75277124641794e-05,4.94121780705936e-05,0.999227734824405,0.018,5.61413522329746e-05,"Karst P._Porous"
"1202",1202,"Euryarchaeota",0.0728039847915416,0.0869167821207558,0.837628626085042,0.00327629602056584,0.148376487678342,0.455843630932868,0.003,0.149230329469446,"Karst P._Geyser"
"1203",1203,"Actinobacteria",0.0604540051194327,0.0490967782581389,1.23132326120423,0.140504301445061,0.036363523173886,0.579759528222718,2e-04,0.12391589728985,"Karst P._Geyser"
"1205",1205,"Candidatus.Nealsonbacteria",0.0195295713057091,0.0311669012412726,0.626612544972777,0.000273965844991847,0.0392561178130643,0.666664888081609,0.0014,0.0400308357941219,"Karst P._Geyser"
"1207",1207,"Candidatus.Roizmanbacteria",0.00993847641956667,0.0102224434668439,0.97222121617026,0.000796314937603023,0.0204276241848224,0.707932846883038,4e-04,0.020371441408913,"Karst P._Geyser"
"1208",1208,"Nitrospirae",0.00881724353611572,0.00973757200509877,0.905486863819734,0.00486586111561743,0.0212974842522415,0.726006035619539,0.01,0.018073188736501,"Karst P._Geyser"
"1210",1210,"Acidobacteria",0.00851855342681729,0.00608745215904556,1.39936268971893,0.014171601364758,0.00865548845039855,0.760957643136516,2e-04,0.017460947201268,"Karst P._Geyser"
"1213",1213,"Armatimonadetes",0.00569029831247078,0.00701795156323803,0.810820402676777,0.00110914227232063,0.0122277253145611,0.800676426206713,2e-04,0.011663717231699,"Karst P._Geyser"
"1215",1215,"Candidatus.Shapirobacteria",0.00482792436562839,0.00749031694109604,0.644555417827478,0.00018403628005929,0.00979150058177198,0.820739554485201,0.0236,0.00989606195044401,"Karst P._Geyser"
"1218",1218,"Verrucomicrobia",0.00431322319050693,0.00246082758566055,1.7527531045411,0.00893497362410635,0.00485612474212881,0.84813768348407,0.006,0.00884105066003704,"Karst P._Geyser"
"1220",1220,"Candidatus.Berkelbacteria",0.00412642934056692,0.00497864442346916,0.828825879011377,0.000128335529473079,0.00835036102908786,0.865191204493242,4e-04,0.00845816903825203,"Karst P._Geyser"
"1221",1221,"Candidatus.Portnoybacteria",0.00291067584333382,0.00434882555332581,0.669301586748599,0.00015242937460964,0.0059292591015957,0.871157376761466,0.0014,0.00596617226822393,"Karst P._Geyser"
"1224",1224,"candidate.division.NC10",0.00243972603286446,0.00473980049792831,0.514731798085347,0.00494680685132712,9.04763120644712e-05,0.887039865846971,4e-04,0.00500084055484107,"Karst P._Geyser"
"1227",1227,"Candidatus.Pacebacteria",0.00208601674075948,0.0031858921922236,0.654766895707019,9.13754712098487e-05,0.00423754188598558,0.900461673303282,0.035,0.00427582317635,"Karst P._Geyser"
"1228",1228,"Candidatus.Woesearchaeota",0.00199613191173942,0.0023295909552094,0.856859401551033,0.000488852140924431,0.00427033736392325,0.904553254604859,0.0308,0.00409158130157705,"Karst P._Geyser"
"1229",1229,"Candidatus.Aenigmarchaeota",0.00197360149986704,0.00271307066964466,0.72744198002241,1.76123918260568e-05,0.00395997712520213,0.908598654082784,8e-04,0.00404539947792493,"Karst P._Geyser"
"1233",1233,"Candidatus.Kuenenbacteria",0.00179639976042084,0.00242360477396934,0.741209862150392,6.83540625511801e-05,0.00364251283726454,0.923518957160361,0.001,0.003682179332271,"Karst P._Geyser"
"1235",1235,"Candidatus.Desantisbacteria",0.00170083844103475,0.00147999373171133,1.14922003018759,3.2680838253244e-05,0.0034282228560016,0.930656583704948,2e-04,0.00348630204317402,"Karst P._Geyser"
"1240",1240,"Gemmatimonadetes",0.00154649420662844,0.000936038025093552,1.65217028066127,0.00257335299796953,0.00160164375371606,0.947419481996474,2e-04,0.00316993418201694,"Karst P._Geyser"
"1244",1244,"Candidatus.Micrarchaeota",0.00111696065799555,0.00136404888625544,0.818856764776088,0.000106108249809141,0.00231059278140678,0.957862014566912,4e-04,0.00228949565706305,"Karst P._Geyser"
"1247",1247,"Caldiserica",0.000916044173156707,0.00123013099607754,0.744672052064093,3.41520595982684e-05,0.00185559538956647,0.964054778615331,4e-04,0.001877666094242,"Karst P._Geyser"
"1252",1252,"Candidatus.Marinimicrobia",0.000635221893970103,0.000657429587349614,0.966220422982422,0.000460029290499896,0.00160685271869617,0.971735208513271,0.002,0.00130204923253496,"Karst P._Geyser"
"1254",1254,"Candidatus.Aminicenantes",0.000606168404802202,0.000483341473517043,1.25412040558284,0.0014095443378526,0.000354013427147348,0.974224392457219,2e-04,0.00124249669879406,"Karst P._Geyser"
"1260",1260,"Candidatus.Diapherotrites",0.000487584485586838,0.000643951776038496,0.757175465197708,4.12910042680433e-05,0.00100368390149656,0.980797316135413,0.0076,0.000999428721334961,"Karst P._Geyser"
"1263",1263,"Candidatus.Hydrogenedentes",0.000409311846508157,0.000483811466788889,0.846015182783504,0.000224072381358439,0.000972951014944435,0.983460443984363,0.0018,0.000838988990576106,"Karst P._Geyser"
"1264",1264,"Candidatus.Bathyarchaeota",0.000372168319111265,0.000544865336159381,0.683046423423788,0.000142769769792513,0.000807085180778962,0.984223297845152,0.003,0.000762853860788892,"Karst P._Geyser"
"1267",1267,"Candidatus.Brennerbacteria",0.000362220820487344,0.000678386455324071,0.533944652999165,9.56249283461559e-06,0.00072990366331622,0.986479313141991,0.046,0.000742463926072023,"Karst P._Geyser"
"1274",1274,"Candidatus.Eisenbacteria",0.000237319364010164,0.000143497585832089,1.65382130043538,0.000379179564716699,0.000229781185361744,0.99048231640532,2e-04,0.000486446545228003,"Karst P._Geyser"
"1277",1277,"Candidatus.Gracilibacteria",0.000217101444546767,0.000309945894390508,0.700449492882251,1.33092779244485e-05,0.000444624829382948,0.991838428762449,0.0052,0.000445004764379031,"Karst P._Geyser"
"1300",1300,"Candidatus.Poribacteria",6.21424904600145e-05,4.38850154455384e-05,1.41602981858657,0.000134796301987254,6.61002619121405e-05,0.997638826743003,0.0102,0.000127376878503949,"Karst P._Geyser"
"1304",1304,"Candidatus.Wirthbacteria",5.49269573282695e-05,5.0280782045436e-05,1.09240459463488,1.11425382315242e-05,0.000116914325451443,0.998103458171328,2e-04,0.000112586803625914,"Karst P._Geyser"
"1306",1306,"Candidatus.Bipolaricaulota",5.17739921511963e-05,3.88765184404689e-05,1.33175485429533,0.000110270235382957,3.52918512144962e-05,0.998316733871344,2e-04,0.000106123997592023,"Karst P._Geyser"
"1312",1312,"Chrysiogenetes",4.32055242286514e-05,4.02767131506657e-05,1.0727172315931,2.14762753004761e-05,9.73200282586544e-05,0.998913357210392,2e-04,8.85607379039755e-05,"Karst P._Geyser"
"1315",1315,"Kiritimatiellaeota",3.33207050180684e-05,3.20770582720098e-05,1.03877059846051,7.83695517733475e-05,3.21033312616264e-05,0.999126866436331,0.0414,6.82992806260163e-05,"Karst P._Geyser"
"1316",1316,"Candidatus.Latescibacteria",3.09327128307422e-05,2.90154580297397e-05,1.06607701312305,6.85550008482026e-05,2.01704131954122e-05,0.99919027091811,4e-04,6.34044817789947e-05,"Karst P._Geyser"
"1322",1322,"Candidatus.Coatesbacteria",2.08500948604019e-05,1.98255563275914e-05,1.05167766875649,4.70272866458161e-05,1.43596621331098e-05,0.999500738534135,0.0174,4.27375855099887e-05,"Karst P._Geyser"
"1325",1325,"Candidatus.Fermentibacteria",1.9291734850181e-05,1.42139008279284e-05,1.35724422758567,4.02543924124614e-05,1.79287087619287e-05,0.999621496128092,2e-04,3.95433293380876e-05,"Karst P._Geyser"
"1350",1350,"Rhodothermaeota",3.04743306079513e-07,4.35742754760422e-07,0.699365170734889,4.63177775226082e-07,2.87699205009213e-07,1,0.0114,6.246491049966e-07,"Karst P._Geyser"
"1352",1352,"Actinobacteria",0.11219455997747,0.0270179272714323,4.15259686097756,0.253570228062318,0.0291811081073788,0.550715600758058,2e-04,0.236174127660542,"Mine_S. Saline"
"1353",1353,"Firmicutes",0.0915276367567386,0.0845415608493045,1.08263481105922,0.250311822910483,0.0809315925677958,0.743385011576145,0.0046,0.192669410818087,"Mine_S. Saline"
"1360",1360,"Deinococcus.Thermus",0.00399623497467854,0.00422768110868379,0.945254590387659,0.00846483280688929,0.0004723628575322,0.932409504414064,4e-04,0.00841223771688004,"Mine_S. Saline"
"1362",1362,"Cyanobacteria",0.00368001078627715,0.00379207460419278,0.970447886813271,0.0086332364341824,0.00302232973144944,0.948168788825496,0.0104,0.00774657289448699,"Mine_S. Saline"
"1370",1370,"Candidatus.Cloacimonetes",0.000718773091231153,0.000883194086542295,0.813833677312254,9.31968021515192e-05,0.00151277069678333,0.972470349368982,0.0392,0.00151304669176,"Mine_S. Saline"
"1375",1375,"Crenarchaeota",0.000438850030243013,0.000312433976787429,1.40461685619293,0.0010136332536817,0.000228607941118868,0.97821688159859,8e-04,0.000923797224100964,"Mine_S. Saline"
"1376",1376,"Fusobacteria",0.000431648627856003,0.000278170994723206,1.55173844881101,0.00119199542606268,0.000917193943234086,0.979125519576762,0.023,0.000908637978171978,"Mine_S. Saline"
"1390",1390,"Thermotogae",0.000232999406507393,0.000164530426597239,1.41614782946964,0.000513783241393248,0.000384977945837015,0.987713847227997,0.0436,0.000490473259919022,"Mine_S. Saline"
"1409",1409,"Dictyoglomi",9.94745323576951e-05,0.000118088336801472,0.842373896119226,0.000189853339415363,3.84826982633363e-05,0.993623033687289,0.0072,0.00020939795038899,"Mine_S. Saline"
"1412",1412,"Candidatus.Poribacteria",9.19970167121514e-05,8.37330211246781e-05,1.09869458281182,0.000182771969133445,9.33914486035399e-05,0.994225243348228,0.0234,0.000193657474781062,"Mine_S. Saline"
"1461",1461,"Candidatus.Fraserbacteria",2.1189990864693e-05,2.43920685018271e-05,0.868724637400297,4.34343736152937e-05,3.54910267939641e-06,0.999078161685319,0.0106,4.46057955800772e-05,"Mine_S. Saline"
"1463",1463,"Candidatus.Lokiarchaeota",1.98136628555013e-05,2.42834365149278e-05,0.815933232651039,4.14584504094614e-05,5.76579404904994e-06,0.999162542240343,0.0126,4.17085689499164e-05,"Mine_S. Saline"
"1493",1493,"Coprothermobacterota",4.58052949890688e-06,2.79171117513007e-06,1.64076052698878,1.12625130566306e-05,6.79660235187843e-06,0.999971567521259,0.0486,9.64220153709672e-06,"Mine_S. Saline"
"1496",1496,"Candidatus.Korarchaeota",2.29719793029985e-06,1.67836569239654e-06,1.36871120561317,3.87623932271141e-06,2.66663669195774e-06,0.999992325891393,0.015,4.83569539699857e-06,"Mine_S. Saline"
"1502",1502,"Actinobacteria",0.118084699173742,0.0263946690980716,4.47380865942998,0.253570228062318,0.0174008297148352,0.519943557438208,6e-04,0.232261828599131,"Mine_Porous"
"1503",1503,"Bacteroidetes",0.106250377417108,0.091869136025289,1.15654050983847,0.0531057336169677,0.245792277843078,0.728928354968461,0.0012,0.208984797530253,"Mine_Porous"
"1504",1504,"Firmicutes",0.096644015109838,0.0916291998679083,1.05472944486211,0.250311822910483,0.0578806816819304,0.919018314375872,0.007,0.190089959407411,"Mine_Porous"
"1506",1506,"Deinococcus.Thermus",0.0040260746327265,0.00434184621788612,0.927272508211183,0.00846483280688929,0.000412683541436297,0.935132856659419,2e-04,0.00791892144212303,"Mine_Porous"
"1507",1507,"Cyanobacteria",0.00372184450256942,0.00404706844569574,0.919639623720173,0.0086332364341824,0.00242169734891305,0.942453385195098,0.0122,0.00732052853567899,"Mine_Porous"
"1519",1519,"Candidatus.Dadabacteria",0.000625700189167267,0.00109618867316805,0.570796072321158,4.98946073766821e-06,0.0012563898390722,0.981287068500324,0.0474,0.00123069517988095,"Mine_Porous"
"1520",1520,"Fusobacteria",0.000540606861159087,0.000351664978954442,1.53727807291588,0.00119199542606268,0.000233988854157296,0.982350392868381,0.0064,0.00106332436805701,"Mine_Porous"
"1523",1523,"candidate.division.Zixibacteria",0.000515022082764613,0.000704725213751231,0.730812624147739,7.29857535301177e-05,0.00109844373832585,0.985473802531731,0.0386,0.00101300144344596,"Mine_Porous"
"1524",1524,"Crenarchaeota",0.00045331239740586,0.00035406269735478,1.28031673709933,0.0010136332536817,0.000131105226261835,0.986365426654795,2e-04,0.000891624123063983,"Mine_Porous"
"1539",1539,"Aquificae",0.000119902202484082,8.50432068141468e-05,1.40989747418764,0.000273753504076482,3.74771678486549e-05,0.992458696723755,0.0298,0.000235836691771962,"Mine_Porous"
"1551",1551,"Dictyoglomi",9.88431699347779e-05,0.000122575086755684,0.806388741390751,0.000189853339415363,3.51527052521973e-05,0.995052393218741,0.0116,0.000194415496284961,"Mine_Porous"
"1554",1554,"Candidatus.Poribacteria",8.98995608145093e-05,9.80684305187769e-05,0.91670235099048,0.000182771969133445,6.19110968521831e-05,0.995599838134409,0.0396,0.000176824233208972,"Mine_Porous"
"1559",1559,"Calditrichaeota",6.97129482514521e-05,5.79842918363844e-05,1.20227299573068,7.29668847142907e-06,0.000146722584974333,0.996378440004154,0.0024,0.000137119008229991,"Mine_Porous"
"1591",1591,"Candidatus.Fischerbacteria",2.34331056149216e-05,2.07762123172591e-05,1.12788150491971,2.54596684075043e-06,4.94121780705936e-05,0.998748182857094,0.0222,4.60907805840405e-05,"Mine_Porous"
"1594",1594,"Candidatus.Fraserbacteria",2.15346634715648e-05,2.06816390179716e-05,1.04124549571975,4.34343736152937e-05,2.01684381072111e-05,0.998876981292756,0.0098,4.23567181110363e-05,"Mine_Porous"
"1599",1599,"Candidatus.Lokiarchaeota",2.00660759514031e-05,2.42095194444287e-05,0.828850650978984,4.14584504094614e-05,7.69325389059268e-06,0.999079000389548,0.01,3.94681404609631e-05,"Mine_Porous"
"1651",1651,"Firmicutes",0.120361680048356,0.0854441829133269,1.40865856450929,0.250311822910483,0.00958846281377006,0.199094998812045,6e-04,0.199094998812045,"Mine_Geyser"
"1653",1653,"Actinobacteria",0.108603352444216,0.03435367523027,3.16133140679291,0.253570228062318,0.036363523173886,0.560997431088212,6e-04,0.179645085688222,"Mine_Geyser"
"1669",1669,"Deinococcus.Thermus",0.00402248154679074,0.00418006557396597,0.962301063371664,0.00846483280688929,0.000482201576631358,0.890971707141413,2e-04,0.00665374526558604,"Mine_Geyser"
"1670",1670,"Cyanobacteria",0.00379204988744444,0.00401653939830186,0.944108724303233,0.0086332364341824,0.00201953458482718,0.897244286317216,0.006,0.00627257917580293,"Mine_Geyser"
"1685",1685,"Candidatus.Desantisbacteria",0.0017070027918184,0.00149154790974186,1.14445052731416,1.49262603531849e-05,0.0034282228560016,0.952728404348372,0.0288,0.00282362059646202,"Mine_Geyser"
"1703",1703,"Fusobacteria",0.000555646416599453,0.00038210905589941,1.45415662890158,0.00119199542606268,0.000135114264354244,0.981653195268034,0.003,0.000919116637523976,"Mine_Geyser"
"1708",1708,"Crenarchaeota",0.00047579634149727,0.000350648176545666,1.35690522102375,0.0010136332536817,7.24604404645674e-05,0.985855515166688,2e-04,0.000787033481147059,"Mine_Geyser"
"1730",1730,"Aquificae",0.000122185423855582,7.99760946786825e-05,1.52777432239574,0.000273753504076482,3.70603456855736e-05,0.995865144149048,0.0142,0.000202111725323029,"Mine_Geyser"
"1737",1737,"Dictyoglomi",9.48711653882436e-05,0.000129904157278638,0.730316622467667,0.000189853339415363,9.32376063988442e-06,0.997128004652338,0.0286,0.000156930133848987,"Mine_Geyser"
"1739",1739,"Candidatus.Poribacteria",9.17299905568287e-05,0.000102572193969137,0.894296855777789,0.000182771969133445,6.61002619121405e-05,0.997432171127521,0.0236,0.000151734192756048,"Mine_Geyser"
"1747",1747,"Candidatus.Wirthbacteria",5.82591796654338e-05,5.22824408721986e-05,1.11431636881386,4.72447454984617e-07,0.000116914325451443,0.998396645240862,0.0444,9.63688052669776e-05,"Mine_Geyser"
"1767",1767,"Candidatus.Fraserbacteria",2.11597303092111e-05,2.39946536320664e-05,0.881851875575036,4.34343736152937e-05,4.27279485876194e-06,0.999520223424931,0.0106,3.50011438779996e-05,"Mine_Geyser"
"1769",1769,"Candidatus.Lokiarchaeota",2.0338777080267e-05,2.50970894621406e-05,0.810403816384703,4.14584504094614e-05,1.78438974819452e-06,0.999588485671854,0.0092,3.36431727849806e-05,"Mine_Geyser"
"1791",1791,"Coprothermobacterota",5.35707605785845e-06,3.74251599003448e-06,1.43141033254719,1.12625130566306e-05,1.64508282274112e-06,0.999964483666634,0.0266,8.86135064703808e-06,"Mine_Geyser"
"1802",1802,"Bacteroidetes",0.105942049133194,0.0862866175690169,1.22779235202325,0.0607447075649252,0.245792277843078,0.607696441537737,0.0018,0.283607095380706,"S. Saline_Porous"
"1809",1809,"Candidatus.Saccharibacteria",0.00432815358672884,0.00708701789321599,0.610715769586519,0.00874396631672889,0.000289842560208489,0.901945577932628,0.0488,0.011586476542006,"S. Saline_Porous"
"1810",1810,"Candidatus.Parcubacteria",0.00417509573870535,0.00725290483533822,0.5756446325289,8.31665995718848e-05,0.00831729593092252,0.913122318283401,0.0302,0.011176740350773,"S. Saline_Porous"
"1822",1822,"Candidatus.Cloacimonetes",0.000688532610291283,0.000868556767300782,0.792731846913172,0.00151277069678333,0.00018754072267997,0.965532312700407,0.0462,0.00184320329158594,"S. Saline_Porous"
"1823",1823,"Candidatus.Dadabacteria",0.000620629520455353,0.00105547872365707,0.588007608817512,4.10040343990672e-05,0.0012563898390722,0.967193739273179,0.034,0.00166142657277202,"S. Saline_Porous"
"1826",1826,"candidate.division.Zixibacteria",0.000509435832984063,0.00067316575409295,0.756776217278754,0.000117228468140288,0.00109844373832585,0.971496315945306,0.012,0.00136376083016709,"S. Saline_Porous"
"1830",1830,"Fusobacteria",0.000371495265128542,0.00024165299920141,1.53730872927802,0.000917193943234086,0.000233988854157296,0.975853620751829,0.0454,0.000994493630742999,"S. Saline_Porous"
"1869",1869,"Balneolaeota",8.2940384004457e-05,6.80275146154199e-05,1.21921820124319,0.00015843393718434,0.000202548925767053,0.993613091587795,0.011,0.000222031587926996,"S. Saline_Porous"
"1882",1882,"Calditrichaeota",6.05355629566783e-05,4.95119400007921e-05,1.22264574879736,4.87565077304119e-05,0.000146722584974333,0.996116903235004,0.0028,0.000162053833372977,"S. Saline_Porous"
"1915",1915,"Candidatus.Fischerbacteria",2.03359835609962e-05,1.56471919396223e-05,1.29965706559148,3.29331082174947e-05,4.94121780705936e-05,0.999066248971626,0.0268,5.44394721140318e-05,"S. Saline_Porous"
"1952",1952,"Euryarchaeota",0.0802515824068068,0.0856908770523288,0.93652422716831,0.0784646594778131,0.148376487678342,0.464059408951804,0.0106,0.167281090990593,"S. Saline_Geyser"
"1955",1955,"Candidatus.Nealsonbacteria",0.01935690507403,0.0311433560660812,0.621542040394033,0.000801178584498817,0.0392561178130643,0.634599099287729,0.0364,0.040348664809761,"S. Saline_Geyser"
"1957",1957,"Chloroflexi",0.0116614122837501,0.00921553653906603,1.26540785057014,0.0273267012629011,0.0289758587849352,0.696776795714742,0.0372,0.0243077296523361,"S. Saline_Geyser"
"1958",1958,"Candidatus.Roizmanbacteria",0.00997729406842458,0.0102594048192205,0.972502230317747,0.000624251404744575,0.0204276241848224,0.717574050882118,0.0058,0.020797255167376,"S. Saline_Geyser"
"1959",1959,"Nitrospirae",0.00952536333677459,0.00988430190927655,0.963685996664561,0.00324637425053505,0.0212974842522415,0.737429275206296,0.0246,0.019855224324178,"S. Saline_Geyser"
"1961",1961,"Candidatus.Atribacteria",0.00694633038342048,0.0160006176754429,0.434128889541648,0.0128843409898086,0.00339183871140039,0.769714881165943,0.0028,0.014479337230129,"S. Saline_Geyser"
"1962",1962,"Armatimonadetes",0.00587932594337775,0.0070880225625992,0.829473367424183,0.000544880667280804,0.0122277253145611,0.781970091949352,0.0078,0.012255210783409,"S. Saline_Geyser"
"1966",1966,"Candidatus.Saccharibacteria",0.004326380285442,0.00683926263469512,0.632579930984746,0.00874396631672889,0.00104915125029012,0.820439430159006,2e-04,0.00901816004724099,"S. Saline_Geyser"
"1970",1970,"Candidatus.Berkelbacteria",0.00410337497330408,0.00497568245539256,0.824685861706651,0.000196270580505048,0.00835036102908786,0.855401985724521,0.01,0.00855331473463394,"S. Saline_Geyser"
"1975",1975,"Candidatus.Portnoybacteria",0.00287677692882101,0.00432446802121633,0.665232559174264,0.000344831838419153,0.0059292591015957,0.891739879825097,0.0412,0.00599652204675893,"S. Saline_Geyser"
"1980",1980,"Candidatus.Aenigmarchaeota",0.00196698390487517,0.00271319314714072,0.72497009914243,3.74706482982855e-05,0.00395997712520213,0.914228069865029,0.017,0.00410009626851404,"S. Saline_Geyser"
"1984",1984,"Candidatus.Kuenenbacteria",0.00176459687065972,0.00241165215649312,0.731696263040557,0.000182249039232673,0.00364251283726454,0.929263953691392,0.0244,0.00367822890003899,"S. Saline_Geyser"
"1986",1986,"Candidatus.Riflebacteria",0.00170932888371564,0.0018583919856918,0.919789203180048,0.00344707988833187,4.00146431495265e-05,0.936453298588753,0.0016,0.003563025076318,"S. Saline_Geyser"
"1988",1988,"Candidatus.Desantisbacteria",0.00161328895840168,0.00138832393661112,1.16204072828975,0.000537829513636373,0.0034282228560016,0.943302876303473,8e-04,0.003362833840166,"S. Saline_Geyser"
"1992",1992,"Candidatus.Micrarchaeota",0.00112067128083403,0.00136929015415653,0.818432293135381,8.4352289354565e-05,0.00231059278140678,0.954509459474764,0.0104,0.00233599274777496,"S. Saline_Geyser"
"1996",1996,"Synergistetes",0.00091642080861758,0.00142336993716146,0.643838811465374,0.00191735601943504,0.000113361471100224,0.962681982284689,0.0282,0.00191024112016802,"S. Saline_Geyser"
"1997",1997,"Caldiserica",0.000902104862112775,0.00120467393435612,0.748837371163791,0.000162777526940585,0.00185559538956647,0.964562382408853,0.0154,0.00188040012416391,"S. Saline_Geyser"
"2001",2001,"Candidatus.Cloacimonetes",0.000719480730667357,0.000870886977660352,0.826147076627842,0.00151277069678333,9.07076303578605e-05,0.971547775227734,4e-04,0.00149972770583695,"S. Saline_Geyser"
"2003",2003,"Candidatus.Diapherotrites",0.000595402438915374,0.000713878528650061,0.834038866585993,0.000494138998061174,0.00100368390149656,0.974263805256014,0.0054,0.00124109165916897,"S. Saline_Geyser"
"2009",2009,"Candidatus.Hydrogenedentes",0.000474953165039819,0.000483165917111523,0.983002211495376,0.000245670747946429,0.000972951014944435,0.980915524152256,0.0048,0.000990020149566062,"S. Saline_Geyser"
"2012",2012,"Fusobacteria",0.00039959465458723,0.000262822236820211,1.52039895642689,0.000917193943234086,0.000135114264354244,0.983644304597676,8e-04,0.000832938463874,"S. Saline_Geyser"
"2013",2013,"Candidatus.Bathyarchaeota",0.000375346341974633,0.000541549151377705,0.693097461273367,0.000156434395366224,0.000807085180778962,0.984426698460847,0.0348,0.000782393863170916,"S. Saline_Geyser"
"2035",2035,"candidate.division.WOR.3",0.000113463952700448,0.000149532842183901,0.758789514352348,0.000258184572045013,0.000108147481901662,0.995148074385437,0.0278,0.000236510897686948,"S. Saline_Geyser"
"2049",2049,"Balneolaeota",6.55336357839962e-05,5.84187012751021e-05,1.12179206921066,0.00015843393718434,6.4126317038747e-05,0.997689788244774,0.0098,0.000136602142433939,"S. Saline_Geyser"
"2052",2052,"Candidatus.Wirthbacteria",5.59987116957643e-05,5.12440680123821e-05,1.09278427470343,6.60385315838409e-06,0.000116914325451443,0.998051310438825,0.0018,0.000116726989121019,"S. Saline_Geyser"
"2057",2057,"Chrysiogenetes",4.12700271900712e-05,4.04880645303856e-05,1.01931341171171,2.18583983663908e-05,9.73200282586544e-05,0.99853862463881,0.0094,8.60256578940621e-05,"S. Saline_Geyser"
"2102",2102,"Bacteroidetes",0.105675960420216,0.0855904214385722,1.23467040638489,0.245792277843078,0.0627050088690435,0.471281295478633,8e-04,0.196479962412187,"Porous_Geyser"
"2118",2118,"Candidatus.Parcubacteria",0.00417676012932495,0.00719418171233679,0.580574733351886,0.00831729593092252,9.73859483086079e-05,0.871272528732274,0.027,0.00776571767080503,"Porous_Geyser"
"2134",2134,"Candidatus.Desantisbacteria",0.00170620181987864,0.00148894520014927,1.14591310661238,1.6495005633878e-05,0.0034282228560016,0.943151472888002,0.021,0.00317228694306904,"Porous_Geyser"
"2152",2152,"Candidatus.Dadabacteria",0.000622579774539602,0.00105357707745377,0.590920007527327,0.0012563898390722,1.62739327248513e-05,0.977314236373226,0.0382,0.00115754283390201,"Porous_Geyser"
"2156",2156,"candidate.division.Zixibacteria",0.00050616102594729,0.000576597653678783,0.877840939375843,0.00109844373832585,0.000485236908714396,0.981450651228677,0.0116,0.000941089146076046,"Porous_Geyser"
"2192",2192,"Balneolaeota",8.55729549980116e-05,8.20929858751501e-05,1.04239057802276,0.000202548925767053,6.4126317038747e-05,0.99716030901576,0.0048,0.000159103081861067,"Porous_Geyser"
"2200",2200,"Calditrichaeota",6.38958720012749e-05,5.33950417397403e-05,1.19666302187229,0.000146722584974333,2.50087221818592e-05,0.998278756670885,6e-04,0.000118799568786909,"Porous_Geyser"
"2201",2201,"Candidatus.Wirthbacteria",5.78703173689493e-05,5.20785945386735e-05,1.11121119687619,1.47718145392014e-06,0.000116914325451443,0.998386353117004,0.0204,0.000107596446119018,"Porous_Geyser"
"2220",2220,"Candidatus.Fischerbacteria",2.09443497032342e-05,1.76613984059833e-05,1.18588286282804,4.94121780705936e-05,1.3303228415392e-05,0.999544364812122,0.0178,3.89411652950145e-05,"Porous_Geyser"
